{"cameraMode":{"drawMode":0,"name":"Shaded","section":"Shading Mode"},"sceneLighting":false,"audioPlay":false,"sceneViewState":{"showFog":true,"showMaterialUpdate":false,"showSkybox":false,"showFlares":true,"showImageEffects":true,"showParticleSystems":true},"in2DMode":false,"pivot":{"x":-2.019394874572754,"y":0.08819007873535156,"z":2.834015369415283},"rotation":{"x":-0.12078367173671723,"y":0.8199905753135681,"z":-0.18794287741184236,"w":-0.526976466178894},"size":10.909381866455079,"orthographic":false}